parameter,value,time,accuracy
Population Size,50,3.5810251235961914,0.9333333333333333
Population Size,100,7.91874361038208,0.9777777777777777
Population Size,200,16.184207677841187,0.9111111111111111
Generations,10,3.9616801738739014,0.9111111111111111
Generations,20,7.5073254108428955,0.8666666666666667
Generations,50,20.02297830581665,0.9333333333333333
