parameter,value,time,accuracy
Population Size,50,0.7038331031799316,0.4
Population Size,100,1.6837310791015625,0.37777777777777777
Population Size,200,5.018718004226685,0.6444444444444445
Generations,10,0.6644449234008789,0.06666666666666667
Generations,20,1.7608060836791992,0.08888888888888889
Generations,50,3.1978228092193604,0.0
