parameter,value,time,accuracy
Population Size,50,0.8357861042022705,0.28888888888888886
Population Size,100,1.919039011001587,0.3333333333333333
Population Size,200,3.8293542861938477,0.26666666666666666
Generations,10,0.7600350379943848,0.5777777777777777
Generations,20,1.6637539863586426,0.0
Generations,50,3.932884931564331,0.4444444444444444
