parameter,value,time,accuracy
Population Size,50,2.0106390714645386,0.4666666666666667
Population Size,100,3.7231169939041138,0.7777777777777778
Population Size,200,8.771643042564392,0.6888888888888889
Generations,10,1.9408810138702393,0.8222222222222222
Generations,20,4.749393939971924,0.5111111111111111
Generations,50,21.922163009643555,0.5777777777777777
