param,value,accuracy
max_depth,1.0,0.9033333333333335
max_depth,2.0,0.9100000000000001
max_depth,3.0,0.9333333333333333
max_depth,4.0,0.8666666666666666
