parameter,value,time,accuracy
Population Size,50,1.1044909954071045,0.4222222222222222
Population Size,100,1.7933640480041504,0.4222222222222222
Population Size,200,3.8049378395080566,0.4666666666666667
Generations,10,0.9870316982269287,0.3111111111111111
Generations,20,1.381347894668579,0.4222222222222222
Generations,50,4.630295038223267,0.35555555555555557
